{
  "REPORTING_UNK_ERR": {
    "User_Message": "Unknown error occurred. Please contact the support team, and share the incident id",
    "Logging_Message": "Error occurred while getting results from reporting Service."
  },
  "REPORTING_BAD_REQUEST_ERR": {
    "User_Message": "Bad request.",
    "Logging_Message": "Bad request."
  },
  "SQL_CXN_ERR": {
    "User_Message": "Unknown error occurred. Please try again in a while.",
    "Logging_Message": "SQL Connection Error."
  },
  "SQL_SNTX_ERR": {
    "User_Message": "Unknown error occurred. Please contact the support team, and share the incident id.",
    "Logging_Message": "Syntax error in the SQL Query."
  },
  "SQL_INV_COL_ERR": {
    "User_Message": "Unknown error occurred. Please contact the support team, and share the incident id.",
    "Logging_Message": "Invalid Column Name in the SQL Query."
  },
  "SQL_INV_OBJ_ERR": {
    "User_Message": "Unknown error occurred. Please contact the support team, and share the incident id.",
    "Logging_Message": "Invalid Object Name in the SQL Query."
  },
  "SQL_UNK_PROC_ERR": {
    "User_Message": "Unknown error occurred. Please contact the support team, and share the incident id.",
    "Logging_Message": "Unknown procedure in the SQL Query."
  },
  "SQL_MP_ID_NOT_BOUND_ERR": {
    "User_Message": "Unknown error occurred. Please contact the support team, and share the incident id.",
    "Logging_Message": "Multi-part Identifier could not be bound in the SQL query."
  },
  "SQL_PRGM_ERR": {
    "User_Message": "Unknown error occurred. Please contact the support team, and share the incident id.",
    "Logging_Message": "SQL Programming Error."
  },
  "SQL_TBL_NOT_FOUND_ERR": {
    "User_Message": "Unknown error occurred. Please contact the support team, and share the incident id.",
    "Logging_Message": "Table does not exist in SQL server."
  },
  "SQL_NULL_INS_ERR": {
    "User_Message": "Unknown error occurred. Please contact the support team, and share the incident id.",
    "Logging_Message": "Null Insertion error occurred while executing the SQL query."
  },
  "SQL_FRGN_KEY_ERR": {
    "User_Message": "Unknown error occurred. Please contact the support team, and share the incident id.",
    "Logging_Message": "Foreign Key related error occurred while executing the SQL query."
  },
  "SQL_UNQ_IDX_VIO_ERR": {
    "User_Message": "Unknown error occurred. Please contact the support team, and share the incident id.",
    "Logging_Message": "Violates unique index error occurred while executing the SQL query."
  },
  "SQL_UNQ_KEY_VIO_ERR": {
    "User_Message": "Unknown error occurred. Please contact the support team, and share the incident id.",
    "Logging_Message": "Violates Unique key Constraint error occurred while executing the SQL query."
  },
  "SQL_INTEGRITY_ERR": {
    "User_Message": "Unknown error occurred. Please contact the support team, and share the incident id.",
    "Logging_Message": "Integrity error occurred while executing the SQL query."
  },
  "SQL_DEADLOCK_ERR": {
    "User_Message": "Unknown error occurred. Please try again in a while.",
    "Logging_Message": "Deadlock occurred while executing the SQL query."
  },
  "SQL_OPERATIONAL_ERR": {
    "User_Message": "Unknown error occurred. Please try again in a while.",
    "Logging_Message": "Operational error occurred while executing the SQL query."
  },
  "SQL_STRING_TO_UUID_CONVERSION_ERR": {
    "User_Message": "Wrong format of ID provided in request.",
    "Logging_Message": "Operational error occured while executing the SQL query. Conversion failed when converting from a character string to uniqueidentifier"
  },
  "SQL_UNK_ERR": {
    "User_Message": "Unknown error occurred. Please contact the support team, and share the incident id.",
    "Logging_Message": "Unknown Error occurred while executing the SQL query."
  },
  "SQL_PRI_KEY_NOT_FOUND_ERR": {
    "User_Message": "",
    "Logging_Message": "No rows exists matching the given condition."
  },
  "MONGO_CXN_ERR": {
    "User_Message": "Unknown error occurred. Please try again in a while.",
    "Logging_Message": "Mongo Connection Error."
  },
  "MONGO_CONF_ERR": {
    "User_Message": "Unknown error occurred. Please contact the support team, and share the incident id.",
    "Logging_Message": "Mongo Configuration Error"
  },
  "MONGO_CURSOR_NOT_FOUND_ERR": {
    "User_Message": "Unknown error occurred. Please contact the support team, and share the incident id.",
    "Logging_Message": "Mongo CursorNotFound Error. Raised while iterating query results if the cursor is invalidated on the server."
  },
  "MONGO_EXC_TIMEOUT_ERR": {
    "User_Message": "Unknown error occurred. Please try again in a while.",
    "Logging_Message": "Mongo ExecutionTimeout Error. Raised when a database operation times out, exceeding the $maxTimeMS set in the query or command option"
  },
  "MONGO_DUPL_KEY_ERR": {
    "User_Message": "Unknown error occurred. Please contact the support team, and share the incident id.",
    "Logging_Message": "Mongo DuplicateKey Error. Raised when an insert or update fails due to a duplicate key error."
  },
  "MONGO_FAIL_OPERATION_ERR": {
    "User_Message": "Unknown error occurred. Please contact the support team, and share the incident id.",
    "Logging_Message": "Mongo OperationFailure Error."
  },
  "MONGO_INV_OPERATION_ERR": {
    "User_Message": "Unknown error occurred. Please contact the support team, and share the incident id.",
    "Logging_Message": "Mongo InvalidOperation Error.Raised when a client attempts to perform an invalid operation."
  },
  "MONGO_INV_NAME_ERR": {
    "User_Message": "Unknown error occurred. Please contact the support team, and share the incident id.",
    "Logging_Message": "Mongo InvalidName Error.Raised when an invalid name is used."
  },
  "MONGO_INV_COLL_ERR": {
    "User_Message": "Unknown error occurred. Please contact the support team, and share the incident id.",
    "Logging_Message": "Mongo CollectionInvalid Error.Raised when collection validation fails."
  },
  "MONGO_INV_URI_ERR": {
    "User_Message": "Unknown error occurred. Please contact the support team, and share the incident id.",
    "Logging_Message": "Mongo InvalidURI Error.Raised when trying to parse an invalid mongodb URI."
  },
  "MONGO_DOC_TOO_LRG_ERR": {
    "User_Message": "Unknown error occurred. Please contact the support team, and share the incident id.",
    "Logging_Message": "Mongo DocumentTooLarge Error. Raised when an encoded document is too large for the connected server."
  },
  "MONGO_UNK_ERR": {
    "User_Message": "Unknown error occurred. Please contact the support team, and share the incident id.",
    "Logging_Message": "Unknown error occured in Mongo."
  }
}